bios_mean,bios_se,hplc_mean,hplc_se
3280.5962258628656,206.01962392490566,3.4856112087969744,0.07972269702301006
5123.172153429456,275.2885576821151,5.334417297921376,0.1444213778567854
6985.272887019551,200.73046750244606,4.863333367813822,0.2896805438365598
7425.070589203785,376.87599855415783,5.856778858589251,0.10414423170830597
3876.8093654631525,267.5572686752958,4.274195358497685,0.2544068639646778
3588.420317136732,100.93133340787438,3.6565870086713566,0.18102635998421898
